iter,funcval,gradnorm,x
0,847489.3299598814,25183.559702947543,[0. 0. 0. 0. 0. 0. 0. 0. 0. 0. 0. 0. 0. 0. 1.]
1,-inf,25184.064037515724,"[-2.51612393e+03 -4.00675438e+01 -3.15528613e+01  4.65959092e+00
  3.47544927e+01  8.57677882e+01  2.51165960e+00 -5.19739744e-01
 -2.96689734e-01  3.52484763e+00 -2.20257746e-01  2.54074075e-01
 -3.19985569e+00 -3.81487083e+00 -1.54721522e+00]"
