iter,funcval,gradnorm,x
0,3557546.5349733047,62291532.84436071,"[ 1.02153791e+00  1.99991365e-02  1.28711979e-02  1.99997349e-02
  4.29221516e-01  1.99988690e-02  8.00955161e-01  2.00003011e-02
  2.20279869e-01  2.00001339e-02  2.69150959e+00  1.99997214e-02
  8.06456634e-01  2.00008583e-02  2.26864042e+00  2.00000728e-02
  1.43528999e+01  5.08975604e+06  1.21617001e+01  1.99989729e-02
  2.76676390e-01  1.99990444e-02  2.43461016e-01  2.00010574e-02
  1.16508590e+00  1.99999504e-02  1.77457165e-01  2.00000444e-02
  1.15395097e-01  2.00005550e-02  3.74702410e+00  1.99990241e-02
  8.33501339e-01  1.99981696e-02  1.58832587e-01  1.99999162e-02
  3.86773966e-01  1.99974784e-02  9.23178911e-01  2.00001694e-02
  2.59639784e-01  2.00007895e-02  2.07096508e+00  1.99999735e-02
  1.94495174e+00  1.99993391e-02  1.48419984e+00  1.99979444e-02
  4.81634735e-01  2.00001766e-02  4.93404741e-01  2.00007135e-02
  3.28980958e-01  1.99985439e-02  8.39992773e-01  2.00006260e-02
  4.60046361e-01  1.99983754e-02  4.90943780e-01  2.00001782e-02
  9.86147219e-01  2.00005762e-02 -1.78801922e-02  2.00005316e-02
  2.65409058e-01  2.00008386e-02]"
1,1661984.2584325927,1.8333294386855477e-06,"[ 1.02153791e+00  1.99991365e-02  1.28711979e-02  1.99997349e-02
  4.29221516e-01  1.99988690e-02  8.00955161e-01  2.00003011e-02
  2.20279869e-01  2.00001339e-02  2.69150959e+00  1.99997214e-02
  8.06456634e-01  2.00008583e-02  2.26864042e+00  2.00000728e-02
  1.43528999e+01  5.08975604e+06  1.21617001e+01  1.99989729e-02
  2.76676390e-01  1.99990444e-02  2.43461016e-01  2.00010574e-02
  1.16508590e+00  1.99999504e-02  1.77457165e-01  2.00000444e-02
  1.15395097e-01  2.00005550e-02  3.74702410e+00  1.99990241e-02
  8.33501339e-01  1.99981696e-02  1.58832587e-01  1.99999162e-02
  3.86773966e-01  1.99974784e-02  9.23178911e-01  2.00001694e-02
  2.59639784e-01  2.00007895e-02  2.07096508e+00  1.99999735e-02
  1.94495174e+00  1.99993391e-02  1.48419984e+00  1.99979444e-02
  4.81634735e-01  2.00001766e-02  4.93404741e-01  2.00007135e-02
  3.28980958e-01  1.99985439e-02  8.39992773e-01  2.00006260e-02
  4.60046361e-01  1.99983754e-02  4.90943780e-01  2.00001782e-02
  9.86147219e-01  2.00005762e-02 -1.78801922e-02  2.00005316e-02
  2.65409058e-01  2.00008386e-02]"
