iter,funcval,gradnorm,x
0,736144.8887717654,47492.95111805471,[0. 0. 0. 0. 0. 0. 0. 0. 0. 1.]
