iter,funcval,gradnorm,x
0,414275.76077458507,25183.559702947543,[0. 0. 0. 0. 0. 0. 0. 0. 0. 0. 0. 0. 0. 0. 1.]
