iter,funcval,gradnorm,x
0,677694.5035532023,25183.559702947543,[0. 0. 0. 0. 0. 0. 0. 0. 0. 0. 0. 0. 0. 0. 1.]
