iter,funcval,gradnorm,x
0,3557546.5349733047,62290105.65481929,"[ 1.02153972e+00  2.00017428e-02  1.28739423e-02  1.99984747e-02
  4.29221292e-01  1.99997984e-02  8.00953173e-01  1.99987887e-02
  2.20281622e-01  1.99991404e-02  2.69151077e+00  1.99998401e-02
  8.06459154e-01  2.00003619e-02  2.26864016e+00  2.00009498e-02
  1.43529012e+01  5.08975604e+06  1.21617006e+01  1.99991899e-02
  2.76677138e-01  1.99968948e-02  2.43461166e-01  1.99980246e-02
  1.16508707e+00  2.00002202e-02  1.77456372e-01  2.00011088e-02
  1.15396197e-01  2.00008647e-02  3.74702458e+00  1.99989130e-02
  8.33501467e-01  2.00001106e-02  1.58834452e-01  1.99994122e-02
  3.86773974e-01  1.99983052e-02  9.23176735e-01  1.99993770e-02
  2.59641262e-01  2.00002062e-02  2.07096232e+00  2.00007864e-02
  1.94495076e+00  2.00016296e-02  1.48420095e+00  2.00004875e-02
  4.81638374e-01  2.00006748e-02  4.93404676e-01  1.99993472e-02
  3.28979240e-01  2.00000083e-02  8.39992062e-01  1.99995057e-02
  4.60045354e-01  1.99993324e-02  4.90943817e-01  2.00004281e-02
  9.86148186e-01  1.99994292e-02 -1.78835439e-02  2.00007810e-02
  2.65407739e-01  1.99997219e-02]"
