iter,funcval,gradnorm,x
0,4028942.6233255556,62029007.17203817,"[ 1.02154186e+00  2.00017252e-02  1.88790697e+00  1.28725314e-02
  1.99994588e-02  2.00155363e+00  4.29220728e-01  2.00004099e-02
  2.11869856e+00  8.00953609e-01  1.99992225e-02  2.16240800e+00
  2.20279136e-01  2.00000951e-02  2.21923319e+00  2.69151109e+00
  1.99984464e-02  2.28129934e+00  8.06460391e-01  1.99985869e-02
  2.39057698e+00  2.26863910e+00  1.99986863e-02  2.48848890e+00
  1.43529012e+01  5.29809793e+06  2.55930146e+00  1.21617015e+01
  2.00003527e-02  2.70704369e+00  2.76676405e-01  2.00008316e-02
  2.94045809e+00  2.43460047e-01  2.00004282e-02  2.96668378e+00
  1.16508662e+00  2.00027853e-02  3.12928768e+00  1.77457855e-01
  2.00012502e-02  3.22632193e+00  1.15394332e-01  2.00002038e-02
  3.25517559e+00  3.74702279e+00  1.99987493e-02  3.38018605e+00
  8.33502600e-01  2.00001634e-02  3.66955104e+00  1.58834086e-01
  2.00014943e-02  3.72200287e+00  3.86774538e-01  2.00004865e-02
  3.83128005e+00  9.23176469e-01  2.00001144e-02  3.95891293e+00
  2.59642305e-01  2.00004379e-02  4.05245537e+00  2.07096244e+00
  2.00014888e-02  4.17484420e+00  1.94495012e+00  2.00014930e-02
  4.43098797e+00  1.48419965e+00  2.00004328e-02  4.55949695e+00
  4.81636586e-01  1.99993946e-02  4.60145918e+00  4.93404402e-01
  2.00005359e-02  4.70461475e+00  3.28981811e-01  1.99993451e-02
  4.80077883e+00  8.39993526e-01  1.99977589e-02  4.96862794e+00
  4.60046481e-01  1.99997946e-02  5.39524261e+00  4.90941259e-01
  1.99991640e-02  5.41884663e+00  9.86147638e-01  2.00010163e-02
  2.58640136e+00 -1.78833417e-02  1.99992164e-02  3.86187570e+00
  2.65408863e-01  1.99990462e-02  5.19854695e+00]"
