iter,funcval,gradnorm,x
0,2818.43764509573,250258414.878166,"[-7.68864754e-07 -1.14939869e-06  7.46365616e-07  1.06852199e-06
  5.84699077e-07 -1.17625075e-06 -4.71347203e-07  8.27538741e-07
 -3.75850910e-07  2.37564756e+03]"
