iter,funcval,gradnorm,x
0,2818.43764509573,250256637.53563318,"[ 1.07787362e-06 -2.85121087e-07  6.18521715e-07 -1.08932786e-06
 -8.86990211e-07 -4.99658647e-07  1.79516894e-07  1.19975460e-06
 -2.32051436e-07  2.37564755e+03]"
