iter,funcval,gradnorm,x
0,414057.60560002,25183.559702947543,[0. 0. 0. 0. 0. 0. 0. 0. 0. 0. 0. 0. 0. 0. 1.]
1,-inf,25183.684435231222,"[-2.51407534e+03 -8.61988355e+01 -6.89712905e+01  1.08397892e+01
  8.83728355e+01  3.40245515e+01  5.73670126e+00 -1.17294151e+00
 -6.69263603e-01  8.07493011e+00 -4.94700851e-01  5.78192653e-01
 -7.56128463e+00 -8.79302547e+00 -4.89449297e+00]"
