iter,funcval,gradnorm,x
0,150235.782416813,859.7196635098597,"[4.06411686e+00 3.76626447e+05 4.06411731e+00 1.64973539e-01
 1.99990535e-02 1.64971545e-01 1.16029371e+00 1.99989015e-02
 1.16029456e+00 2.67765881e-01 2.00005452e-02 2.67764662e-01
 3.12050926e-01 1.99982147e-02 3.12049067e-01 7.39336321e-02
 2.00013764e-02 7.39357650e-02 2.30240837e-01 1.99980304e-02
 2.30240124e-01 1.36830339e+00 1.99992339e-02 1.36830328e+00
 2.52606024e-01 2.00026701e-02 2.52606076e-01 1.16006081e+00
 1.99994978e-02 1.16006112e+00 4.61401342e-02 2.00001865e-02
 4.61411762e-02 1.24507747e-01 1.99996607e-02 1.24506863e-01
 2.96657066e-01 1.99996826e-02 2.96659738e-01 9.20988405e-02
 1.99986685e-02 9.20983994e-02 1.06810400e-01 1.99996375e-02
 1.06810551e-01 5.37298515e-01 1.99991495e-02 5.37296178e-01
 3.25289154e-03 1.99999040e-02 3.25144689e-03 8.71002303e-02
 2.00008395e-02 8.71015101e-02 1.01166445e-01 2.00001448e-02
 1.01165995e-01 2.55006967e-02 1.99986347e-02 2.54998660e-02
 9.59613465e-02 2.00002616e-02 9.59618900e-02 2.72932705e-01
 2.00005928e-02 2.72934217e-01 3.92396697e-01 2.00001175e-02
 3.92394192e-01 1.29557218e-01 1.99999204e-02 1.29558290e-01
 4.11239922e-02 1.99994469e-02 4.11228073e-02 2.96259194e-01
 2.00006892e-02 2.96257915e-01 8.92384080e-02 2.00006779e-02
 8.92384689e-02 2.77240478e-01 1.99994054e-02 2.77240065e-01
 5.82973349e-02 1.99986684e-02 5.82988320e-02 1.46158922e-01
 1.99992417e-02 1.46155992e-01 1.70824891e-01 2.00002725e-02
 1.70826788e-01 1.38844065e-01 2.00006397e-02 1.38842017e-01
 3.81620012e-01 1.99998743e-02 3.81621697e-01]"
