iter,funcval,gradnorm,x
0,3557546.5349733047,62270300.11471567,"[ 1.02154148e+00  1.99989631e-02  1.28713159e-02  2.00006527e-02
  4.29220670e-01  1.99993318e-02  8.00954589e-01  1.99987218e-02
  2.20278137e-01  1.99988379e-02  2.69151077e+00  1.99992929e-02
  8.06457365e-01  2.00007359e-02  2.26863878e+00  1.99995835e-02
  1.43529014e+01  5.08975604e+06  1.21617004e+01  2.00022400e-02
  2.76676781e-01  1.99995463e-02  2.43460002e-01  1.99995936e-02
  1.16508768e+00  1.99992382e-02  1.77459623e-01  1.99990372e-02
  1.15395474e-01  2.00005633e-02  3.74702413e+00  2.00005322e-02
  8.33502539e-01  2.00007425e-02  1.58835270e-01  2.00003412e-02
  3.86776173e-01  2.00007635e-02  9.23177477e-01  1.99997945e-02
  2.59640655e-01  2.00011508e-02  2.07096393e+00  2.00010736e-02
  1.94495232e+00  1.99991885e-02  1.48420225e+00  1.99996269e-02
  4.81636557e-01  2.00007520e-02  4.93404022e-01  1.99994279e-02
  3.28980096e-01  1.99995008e-02  8.39991916e-01  1.99985490e-02
  4.60044289e-01  1.99991569e-02  4.90943730e-01  1.99996177e-02
  9.86149335e-01  2.00018943e-02 -1.78821612e-02  1.99986963e-02
  2.65408328e-01  1.99985737e-02]"
