iter,funcval,gradnorm,x
0,4028942.6233255556,62028648.01543137,"[ 1.02154093e+00  2.00003189e-02  1.88790715e+00  1.28716405e-02
  2.00023561e-02  2.00155560e+00  4.29219763e-01  2.00014770e-02
  2.11869803e+00  8.00955728e-01  1.99998617e-02  2.16240914e+00
  2.20280130e-01  2.00000350e-02  2.21923270e+00  2.69150877e+00
  2.00015441e-02  2.28130172e+00  8.06457408e-01  1.99991386e-02
  2.39057921e+00  2.26863908e+00  2.00012402e-02  2.48848935e+00
  1.43529014e+01  2.00010640e-02  5.29810047e+06  1.21616986e+01
  2.00003799e-02  2.70704064e+00  2.76677360e-01  2.00002763e-02
  2.94045901e+00  2.43461024e-01  1.99997573e-02  2.96668338e+00
  1.16508785e+00  1.99997583e-02  3.12928662e+00  1.77457681e-01
  1.99990355e-02  3.22632552e+00  1.15394520e-01  1.99991520e-02
  3.25517050e+00  3.74702408e+00  2.00001913e-02  3.38018525e+00
  8.33500814e-01  1.99984995e-02  3.66954762e+00  1.58834091e-01
  2.00005299e-02  3.72200303e+00  3.86773271e-01  1.99990976e-02
  3.83127910e+00  9.23176652e-01  1.99979406e-02  3.95891400e+00
  2.59642427e-01  1.99991011e-02  4.05245398e+00  2.07096349e+00
  2.00006375e-02  4.17484420e+00  1.94495108e+00  1.99998614e-02
  4.43098807e+00  1.48420128e+00  2.00014616e-02  4.55949380e+00
  4.81636769e-01  1.99999691e-02  4.60145882e+00  4.93405172e-01
  2.00007246e-02  4.70461533e+00  3.28978369e-01  2.00004154e-02
  4.80078101e+00  8.39993335e-01  2.00023720e-02  4.96862906e+00
  4.60044572e-01  1.99979940e-02  5.39524385e+00  4.90942431e-01
  2.00013102e-02  5.41884602e+00  9.86149411e-01  1.99991586e-02
  2.58640219e+00 -1.78854578e-02  1.99994491e-02  3.86187575e+00
  2.65408142e-01  2.00001542e-02  5.19854603e+00]"
