iter,funcval,gradnorm,x
0,444216.09728176007,47492.95111805471,[0. 0. 0. 0. 0. 0. 0. 0. 0. 1.]
