iter,funcval,gradnorm,x
0,209991.92286996671,25183.559702947543,[0. 0. 0. 0. 0. 0. 0. 0. 0. 0. 0. 0. 0. 0. 1.]
