iter,funcval,gradnorm,x
0,2818.43764509573,250256122.34280145,"[-9.07694175e-07  5.14082710e-08  3.53565229e-07 -1.69371785e-06
 -1.27521148e-07  1.00596794e-06  1.83228788e-06 -1.31475760e-06
 -7.28458024e-07  2.37564756e+03]"
