iter,funcval,gradnorm,x
0,345378.5070648034,25183.559702947543,[0. 0. 0. 0. 0. 0. 0. 0. 0. 0. 0. 0. 0. 0. 1.]
