iter,funcval,gradnorm,x
0,150235.782416813,859.7191254726171,"[4.06411719e+00 3.76626447e+05 4.06411494e+00 1.64972501e-01
 2.00018396e-02 1.64972755e-01 1.16029355e+00 1.99992007e-02
 1.16029615e+00 2.67764113e-01 2.00002424e-02 2.67767130e-01
 3.12048959e-01 2.00004441e-02 3.12048795e-01 7.39353637e-02
 2.00004528e-02 7.39359757e-02 2.30241581e-01 1.99999281e-02
 2.30239346e-01 1.36830468e+00 2.00007366e-02 1.36830514e+00
 2.52605420e-01 1.99988871e-02 2.52605837e-01 1.16006075e+00
 2.00007319e-02 1.16006188e+00 4.61391517e-02 1.99999357e-02
 4.61394306e-02 1.24506556e-01 1.99994155e-02 1.24506054e-01
 2.96658181e-01 2.00002798e-02 2.96657935e-01 9.20991195e-02
 2.00002418e-02 9.20990007e-02 1.06810819e-01 1.99981273e-02
 1.06808539e-01 5.37296740e-01 2.00008957e-02 5.37297528e-01
 3.25296990e-03 1.99989995e-02 3.25129242e-03 8.71020766e-02
 1.99997851e-02 8.70997903e-02 1.01167123e-01 1.99984364e-02
 1.01166407e-01 2.55008436e-02 1.99989636e-02 2.55009809e-02
 9.59620222e-02 1.99995518e-02 9.59603102e-02 2.72934922e-01
 2.00025028e-02 2.72932688e-01 3.92392861e-01 1.99998256e-02
 3.92394322e-01 1.29557445e-01 1.99986849e-02 1.29557839e-01
 4.11219627e-02 2.00001609e-02 4.11231043e-02 2.96259034e-01
 1.99977908e-02 2.96257651e-01 8.92399904e-02 1.99989500e-02
 8.92379487e-02 2.77240004e-01 2.00004585e-02 2.77241043e-01
 5.82992789e-02 1.99990911e-02 5.82974982e-02 1.46158492e-01
 2.00010635e-02 1.46158766e-01 1.70823123e-01 1.99999844e-02
 1.70827456e-01 1.38843882e-01 1.99979858e-02 1.38844372e-01
 3.81621137e-01 2.00005014e-02 3.81621091e-01]"
