iter,funcval,gradnorm,x
0,150235.782416813,859.7272668525244,"[4.06411564e+00 3.76626447e+05 4.06411614e+00 1.64971237e-01
 2.00005394e-02 1.64973087e-01 1.16029392e+00 1.99986077e-02
 1.16029572e+00 2.67764876e-01 2.00001066e-02 2.67765180e-01
 3.12047823e-01 2.00017095e-02 3.12047991e-01 7.39368182e-02
 2.00007471e-02 7.39369123e-02 2.30239544e-01 2.00002176e-02
 2.30241276e-01 1.36830448e+00 1.99980500e-02 1.36830569e+00
 2.52605251e-01 2.00004206e-02 2.52606017e-01 1.16006191e+00
 1.99986669e-02 1.16006068e+00 4.61420801e-02 2.00018033e-02
 4.61401109e-02 1.24505791e-01 1.99993982e-02 1.24507679e-01
 2.96656314e-01 2.00001826e-02 2.96658461e-01 9.20996863e-02
 2.00016411e-02 9.20980714e-02 1.06807729e-01 2.00000511e-02
 1.06809744e-01 5.37298625e-01 1.99998736e-02 5.37298379e-01
 3.25090970e-03 1.99996887e-02 3.25156403e-03 8.71007599e-02
 2.00003380e-02 8.71005859e-02 1.01166782e-01 1.99998588e-02
 1.01167040e-01 2.54993245e-02 2.00020388e-02 2.55017840e-02
 9.59605656e-02 1.99988140e-02 9.59636390e-02 2.72932740e-01
 1.99993677e-02 2.72934870e-01 3.92392695e-01 1.99999000e-02
 3.92394381e-01 1.29558951e-01 1.99993982e-02 1.29558127e-01
 4.11229535e-02 1.99989904e-02 4.11216591e-02 2.96259378e-01
 2.00000576e-02 2.96259472e-01 8.92384572e-02 2.00007322e-02
 8.92403077e-02 2.77241874e-01 2.00009514e-02 2.77238050e-01
 5.82980914e-02 2.00007242e-02 5.82990764e-02 1.46157530e-01
 2.00002681e-02 1.46157879e-01 1.70826442e-01 2.00002181e-02
 1.70825212e-01 1.38843973e-01 2.00001639e-02 1.38841350e-01
 3.81621763e-01 2.00006054e-02 3.81622130e-01]"
