iter,funcval,gradnorm,x
0,3557546.5349733047,62287943.953447774,"[ 1.02154000e+00  2.00014620e-02  1.28723083e-02  2.00011364e-02
  4.29220970e-01  1.99989816e-02  8.00954152e-01  2.00020542e-02
  2.20281235e-01  2.00002341e-02  2.69151253e+00  1.99997124e-02
  8.06456849e-01  1.99992873e-02  2.26864094e+00  2.00007719e-02
  1.43529006e+01  5.08975604e+06  1.21616988e+01  1.99995126e-02
  2.76677295e-01  2.00006986e-02  2.43460608e-01  1.99995963e-02
  1.16508647e+00  2.00010952e-02  1.77455693e-01  1.99992837e-02
  1.15394988e-01  2.00008723e-02  3.74702298e+00  2.00000654e-02
  8.33500826e-01  2.00006705e-02  1.58836380e-01  1.99998533e-02
  3.86774849e-01  2.00031827e-02  9.23177620e-01  2.00012472e-02
  2.59641649e-01  1.99982425e-02  2.07096491e+00  2.00003321e-02
  1.94495212e+00  2.00009607e-02  1.48419823e+00  2.00011362e-02
  4.81635522e-01  2.00006033e-02  4.93403280e-01  1.99992979e-02
  3.28980872e-01  1.99988577e-02  8.39993251e-01  1.99999934e-02
  4.60046170e-01  1.99990342e-02  4.90941412e-01  2.00002402e-02
  9.86147443e-01  2.00003995e-02 -1.78832792e-02  1.99989746e-02
  2.65408642e-01  1.99982065e-02]"
