iter,funcval,gradnorm,x
0,74228.48460442759,55260.22519707279,"[1.2000e+02 9.2030e-02 9.0800e-01 1.1000e+02 1.8190e-01 8.1810e-01
 1.0000e+02 2.8400e-01 7.1600e-01 8.8000e+01 3.0510e-01 6.9490e-01
 8.6000e+01 3.5660e-01 6.4340e-01 8.4000e+01 4.6800e-01 5.3200e-01
 8.0000e+01 6.5790e-01 3.4210e-01 7.6000e+01 8.7630e-01 1.2370e-01
 8.8637e+02 9.1001e+02 9.2252e+02 9.2646e+02 9.3556e+02 9.5283e+02
 9.7573e+02]"
1,4345.0997644961435,126329.11816459661,"[1.2000e+02 9.2030e-02 9.0800e-01 1.1000e+02 1.8190e-01 8.1810e-01
 1.0000e+02 2.8400e-01 7.1600e-01 8.8000e+01 3.0510e-01 6.9490e-01
 8.6000e+01 3.5660e-01 6.4340e-01 8.4000e+01 4.6800e-01 5.3200e-01
 8.0000e+01 6.5790e-01 3.4210e-01 7.6000e+01 8.7630e-01 1.2370e-01
 8.8637e+02 9.1001e+02 9.2252e+02 9.2646e+02 9.3556e+02 9.5283e+02
 9.7573e+02]"
2,4345.0997644961435,416092.5213789243,"[1.2000e+02 9.2030e-02 9.0800e-01 1.1000e+02 1.8190e-01 8.1810e-01
 1.0000e+02 2.8400e-01 7.1600e-01 8.8000e+01 3.0510e-01 6.9490e-01
 8.6000e+01 3.5660e-01 6.4340e-01 8.4000e+01 4.6800e-01 5.3200e-01
 8.0000e+01 6.5790e-01 3.4210e-01 7.6000e+01 8.7630e-01 1.2370e-01
 8.8637e+02 9.1001e+02 9.2252e+02 9.2646e+02 9.3556e+02 9.5283e+02
 9.7573e+02]"
