iter,funcval,gradnorm,x
0,4028942.6233255556,62033458.20932688,"[ 1.02154015e+00  1.99994227e-02  1.88790681e+00  1.28718556e-02
  2.00003063e-02  2.00155314e+00  4.29219646e-01  1.99998506e-02
  2.11869702e+00  8.00954131e-01  1.99994469e-02  2.16240977e+00
  2.20281066e-01  1.99983380e-02  2.21923346e+00  2.69150978e+00
  1.99994477e-02  2.28130179e+00  8.06456997e-01  2.00020653e-02
  2.39058046e+00  2.26863977e+00  1.99994147e-02  2.48848904e+00
  1.43529005e+01  2.00005542e-02 -5.29809535e+06  1.21617003e+01
  1.99996477e-02  2.70704197e+00  2.76675029e-01  1.99993086e-02
  2.94045902e+00  2.43458867e-01  1.99984458e-02  2.96668267e+00
  1.16508717e+00  1.99999158e-02  3.12928704e+00  1.77457013e-01
  1.99986823e-02  3.22632408e+00  1.15394360e-01  1.99990948e-02
  3.25517491e+00  3.74702649e+00  2.00007120e-02  3.38018645e+00
  8.33502389e-01  2.00005952e-02  3.66954874e+00  1.58833163e-01
  2.00007471e-02  3.72200021e+00  3.86774877e-01  1.99998672e-02
  3.83127743e+00  9.23178503e-01  1.99997230e-02  3.95891143e+00
  2.59641245e-01  1.99999207e-02  4.05245441e+00  2.07096171e+00
  1.99979636e-02  4.17484500e+00  1.94495279e+00  1.99993550e-02
  4.43098901e+00  1.48419950e+00  2.00020322e-02  4.55949540e+00
  4.81635343e-01  1.99984583e-02  4.60145912e+00  4.93404183e-01
  2.00013833e-02  4.70461563e+00  3.28981669e-01  1.99977478e-02
  4.80077731e+00  8.39992832e-01  2.00004908e-02  4.96862892e+00
  4.60043202e-01  2.00007097e-02  5.39524562e+00  4.90941975e-01
  1.99988659e-02  5.41884881e+00  9.86147796e-01  2.00017802e-02
  2.58640091e+00 -1.78819371e-02  1.99996708e-02  3.86187520e+00
  2.65410184e-01  2.00000027e-02  5.19854416e+00]"
