iter,funcval,gradnorm,x
0,2818.43764509573,250256909.04567215,"[ 8.44648808e-08 -8.73820367e-07 -8.54685212e-07 -7.63035080e-07
  4.00322594e-07 -2.14596836e-09  1.36093597e-06  1.30290871e-06
  8.23327399e-07  2.37564756e+03]"
