iter,funcval,gradnorm,x
0,3557546.5349733047,62280196.08069733,"[ 1.02153707e+00  1.99997354e-02  1.28709290e-02  1.99987908e-02
  4.29221123e-01  1.99982146e-02  8.00955260e-01  1.99993781e-02
  2.20280077e-01  2.00003292e-02  2.69151182e+00  2.00004416e-02
  8.06457451e-01  2.00003185e-02  2.26864044e+00  2.00003288e-02
  1.43528997e+01 -5.08975600e+06  1.21617015e+01  2.00007128e-02
  2.76676241e-01  1.99989204e-02  2.43458579e-01  2.00009380e-02
  1.16508679e+00  1.99996623e-02  1.77455711e-01  2.00000490e-02
  1.15394036e-01  1.99988611e-02  3.74702438e+00  1.99998502e-02
  8.33501996e-01  2.00001741e-02  1.58836146e-01  2.00006676e-02
  3.86775522e-01  1.99993360e-02  9.23176822e-01  2.00003574e-02
  2.59644153e-01  1.99993226e-02  2.07096431e+00  2.00006226e-02
  1.94495136e+00  2.00001539e-02  1.48419936e+00  1.99982906e-02
  4.81635443e-01  2.00012704e-02  4.93404498e-01  2.00002698e-02
  3.28979917e-01  2.00010088e-02  8.39991257e-01  1.99996697e-02
  4.60046197e-01  1.99988513e-02  4.90941084e-01  1.99993478e-02
  9.86147959e-01  1.99981345e-02 -1.78835701e-02  2.00003302e-02
  2.65409188e-01  1.99996336e-02]"
1,1661866.8347400706,1.2847976002304143e-06,"[ 1.02153707e+00  1.99997354e-02  1.28709290e-02  1.99987908e-02
  4.29221123e-01  1.99982146e-02  8.00955260e-01  1.99993781e-02
  2.20280077e-01  2.00003292e-02  2.69151182e+00  2.00004416e-02
  8.06457451e-01  2.00003185e-02  2.26864044e+00  2.00003288e-02
  1.43528997e+01 -5.08975600e+06  1.21617015e+01  2.00007128e-02
  2.76676241e-01  1.99989204e-02  2.43458579e-01  2.00009380e-02
  1.16508679e+00  1.99996623e-02  1.77455711e-01  2.00000490e-02
  1.15394036e-01  1.99988611e-02  3.74702438e+00  1.99998502e-02
  8.33501996e-01  2.00001741e-02  1.58836146e-01  2.00006676e-02
  3.86775522e-01  1.99993360e-02  9.23176822e-01  2.00003574e-02
  2.59644153e-01  1.99993226e-02  2.07096431e+00  2.00006226e-02
  1.94495136e+00  2.00001539e-02  1.48419936e+00  1.99982906e-02
  4.81635443e-01  2.00012704e-02  4.93404498e-01  2.00002698e-02
  3.28979917e-01  2.00010088e-02  8.39991257e-01  1.99996697e-02
  4.60046197e-01  1.99988513e-02  4.90941084e-01  1.99993478e-02
  9.86147959e-01  1.99981345e-02 -1.78835701e-02  2.00003302e-02
  2.65409188e-01  1.99996336e-02]"
