iter,funcval,gradnorm,x
0,847489.6448326648,25183.559702947543,[0. 0. 0. 0. 0. 0. 0. 0. 0. 0. 0. 0. 0. 0. 1.]
