iter,funcval,gradnorm,x
0,21396927.53925941,25183.559702947543,[0. 0. 0. 0. 0. 0. 0. 0. 0. 0. 0. 0. 0. 0. 1.]
