iter,funcval,gradnorm,x
0,4028942.6233255556,62033167.994134165,"[ 1.02153902e+00  2.00001016e-02  1.88790737e+00  1.28699024e-02
  2.00003892e-02  2.00155532e+00  4.29222283e-01  1.99986507e-02
  2.11869822e+00  8.00955511e-01  2.00007650e-02  2.16241029e+00
  2.20280758e-01  2.00012062e-02  2.21923191e+00  2.69151054e+00
  2.00001977e-02  2.28130219e+00  8.06456761e-01  2.00008828e-02
  2.39057939e+00  2.26864039e+00  1.99990652e-02  2.48848985e+00
  1.43529011e+01 -5.29809789e+06  2.55929946e+00  1.21616985e+01
  1.99996883e-02  2.70704161e+00  2.76675182e-01  2.00003158e-02
  2.94045636e+00  2.43459336e-01  2.00008255e-02  2.96668341e+00
  1.16508616e+00  2.00015013e-02  3.12928613e+00  1.77457365e-01
  1.99991564e-02  3.22632454e+00  1.15392421e-01  1.99992602e-02
  3.25517299e+00  3.74702356e+00  1.99998555e-02  3.38018639e+00
  8.33500167e-01  1.99987011e-02  3.66954950e+00  1.58834820e-01
  1.99986870e-02  3.72200226e+00  3.86774369e-01  1.99994901e-02
  3.83127950e+00  9.23178912e-01  2.00016253e-02  3.95891484e+00
  2.59641147e-01  2.00004662e-02  4.05245497e+00  2.07096277e+00
  2.00012811e-02  4.17484389e+00  1.94494992e+00  1.99995044e-02
  4.43098819e+00  1.48420100e+00  1.99999135e-02  4.55949751e+00
  4.81635244e-01  1.99994575e-02  4.60145866e+00  4.93401942e-01
  1.99986240e-02  4.70461549e+00  3.28982282e-01  2.00001684e-02
  4.80077887e+00  8.39993195e-01  1.99997299e-02  4.96862893e+00
  4.60044672e-01  2.00002215e-02  5.39524340e+00  4.90942493e-01
  2.00001866e-02  5.41884680e+00  9.86148971e-01  1.99987180e-02
  2.58640155e+00 -1.78820645e-02  1.99993278e-02  3.86187519e+00
  2.65407949e-01  1.99997732e-02  5.19854504e+00]"
