iter,funcval,gradnorm,x
0,647496.0709447237,25183.559702947543,[0. 0. 0. 0. 0. 0. 0. 0. 0. 0. 0. 0. 0. 0. 1.]
