iter,funcval,gradnorm,x
0,150235.782416813,859.7278561622313,"[4.06411804e+00 2.00004410e-02 3.76630491e+05 1.64972060e-01
 1.99970762e-02 1.64971846e-01 1.16029648e+00 1.99998643e-02
 1.16029573e+00 2.67765692e-01 1.99992724e-02 2.67765622e-01
 3.12048748e-01 2.00009320e-02 3.12049149e-01 7.39347936e-02
 2.00000323e-02 7.39362560e-02 2.30241230e-01 2.00007629e-02
 2.30240164e-01 1.36830358e+00 1.99995308e-02 1.36830358e+00
 2.52603199e-01 2.00003045e-02 2.52606970e-01 1.16006195e+00
 1.99994434e-02 1.16005988e+00 4.61382681e-02 1.99999065e-02
 4.61374970e-02 1.24507384e-01 2.00004566e-02 1.24509292e-01
 2.96658145e-01 2.00017468e-02 2.96655646e-01 9.20992988e-02
 1.99997506e-02 9.20986901e-02 1.06809118e-01 2.00011006e-02
 1.06808923e-01 5.37297969e-01 1.99993651e-02 5.37299460e-01
 3.25135452e-03 2.00005416e-02 3.25258189e-03 8.71025753e-02
 2.00020748e-02 8.70999306e-02 1.01167545e-01 2.00005841e-02
 1.01168311e-01 2.55001462e-02 2.00001625e-02 2.55011181e-02
 9.59608896e-02 1.99990689e-02 9.59609919e-02 2.72935440e-01
 1.99992589e-02 2.72931939e-01 3.92393936e-01 1.99991826e-02
 3.92393518e-01 1.29556854e-01 2.00020484e-02 1.29559547e-01
 4.11214311e-02 1.99996435e-02 4.11222274e-02 2.96259427e-01
 1.99997842e-02 2.96260301e-01 8.92373408e-02 1.99993339e-02
 8.92393690e-02 2.77240704e-01 2.00012026e-02 2.77240025e-01
 5.82968274e-02 1.99991493e-02 5.82965852e-02 1.46158347e-01
 2.00006750e-02 1.46159867e-01 1.70823899e-01 1.99997548e-02
 1.70825636e-01 1.38842700e-01 1.99992319e-02 1.38843421e-01
 3.81622472e-01 1.99996455e-02 3.81620943e-01]"
