iter,funcval,gradnorm,x
0,263050.21121036407,1537223.08095902,"[ 4.13654795e+00 -3.76877238e+05  1.77128266e-01  1.99993865e-02
  1.65640042e+00  1.99997777e-02  1.19126773e+00  1.99998244e-02
  2.95405211e-01  1.99999842e-02  3.30447753e-01  2.00018582e-02
  8.16891678e-02  2.00002978e-02  2.53668383e-01  2.00004457e-02
  1.39794717e+00  2.00017477e-02  1.17261850e+00  2.00000796e-02
  9.01999159e-02  1.99999939e-02  1.29249058e-01  2.00011892e-02
  3.03918248e-01  2.00000043e-02  1.04813044e-01  1.99995804e-02
  1.17990593e-01  1.99997487e-02  5.44970036e-01  1.99994113e-02
  7.78412979e-03  2.00002974e-02  8.90541815e-02  1.99991110e-02
  1.10166606e-01  1.99997706e-02  3.98890207e-02  1.99985199e-02
  9.83498919e-02  1.99984772e-02  2.84567144e-01  1.99994157e-02
  4.21800455e-01  1.99997846e-02  1.62240392e-01  1.99988206e-02
  7.19712660e-02  2.00003810e-02  3.14142541e-01  2.00016113e-02
  1.40238500e-01  2.00000282e-02  2.86400183e-01  1.99986430e-02
  6.28717180e-02  1.99989284e-02  1.52131796e-01  1.99999108e-02
  1.92598152e-01  1.99996113e-02  1.51423856e-01  2.00016145e-02
  3.90699666e-01  1.99994938e-02]"
