iter,funcval,gradnorm,x
0,150235.782416813,859.7155073918383,"[4.06411582e+00 3.76626447e+05 4.06411751e+00 1.64972142e-01
 2.00020352e-02 1.64970276e-01 1.16029508e+00 2.00012354e-02
 1.16029360e+00 2.67764790e-01 1.99991634e-02 2.67765187e-01
 3.12049706e-01 1.99999437e-02 3.12047979e-01 7.39363794e-02
 2.00020636e-02 7.39343079e-02 2.30241597e-01 1.99997907e-02
 2.30242006e-01 1.36830312e+00 2.00008681e-02 1.36830422e+00
 2.52604632e-01 2.00005069e-02 2.52605075e-01 1.16005943e+00
 1.99995300e-02 1.16006263e+00 4.61397259e-02 1.99999121e-02
 4.61410717e-02 1.24506910e-01 1.99994063e-02 1.24506600e-01
 2.96657573e-01 1.99995891e-02 2.96657081e-01 9.20993257e-02
 2.00000152e-02 9.20995730e-02 1.06808246e-01 1.99996236e-02
 1.06810015e-01 5.37297208e-01 1.99996792e-02 5.37299726e-01
 3.25309708e-03 2.00017326e-02 3.25334101e-03 8.71005223e-02
 2.00006972e-02 8.71015120e-02 1.01168573e-01 2.00008791e-02
 1.01168673e-01 2.55025932e-02 2.00012395e-02 2.54991262e-02
 9.59623533e-02 2.00009849e-02 9.59617995e-02 2.72933631e-01
 2.00007674e-02 2.72934652e-01 3.92393489e-01 2.00007991e-02
 3.92392972e-01 1.29560095e-01 2.00002756e-02 1.29556374e-01
 4.11222623e-02 2.00001330e-02 4.11238716e-02 2.96258110e-01
 1.99994486e-02 2.96258539e-01 8.92377848e-02 1.99994560e-02
 8.92381200e-02 2.77240403e-01 1.99999836e-02 2.77239703e-01
 5.82971462e-02 2.00001329e-02 5.82980549e-02 1.46159229e-01
 1.99989794e-02 1.46155738e-01 1.70824233e-01 2.00015130e-02
 1.70824987e-01 1.38842320e-01 2.00002562e-02 1.38842726e-01
 3.81619384e-01 2.00006017e-02 3.81620936e-01]"
