iter,funcval,gradnorm,x
0,2818.43764509573,250258714.44829112,"[ 1.88307500e-06 -3.34528401e-07  1.58232008e-06  1.42921899e-06
 -6.80611932e-07  9.53886594e-07  1.95779401e-06 -2.87690392e-07
 -6.97677008e-07  2.37564756e+03]"
