iter,funcval,gradnorm,x
0,3557546.5349733047,62280499.47712456,"[ 1.02153951e+00  1.99995907e-02  1.28723951e-02  2.00008558e-02
  4.29222216e-01  1.99989779e-02  8.00953133e-01  1.99989245e-02
  2.20280009e-01  1.99990705e-02  2.69150985e+00  2.00016220e-02
  8.06457193e-01  2.00015943e-02  2.26863873e+00  2.00006010e-02
  1.43529014e+01  5.08975604e+06  1.21617009e+01  2.00006525e-02
  2.76676335e-01  1.99998333e-02  2.43460190e-01  1.99994550e-02
  1.16508679e+00  1.99993659e-02  1.77458376e-01  2.00002120e-02
  1.15395499e-01  2.00002292e-02  3.74702383e+00  2.00014227e-02
  8.33503177e-01  1.99990504e-02  1.58836257e-01  1.99985319e-02
  3.86772819e-01  2.00005740e-02  9.23178267e-01  1.99999880e-02
  2.59642670e-01  2.00009386e-02  2.07096271e+00  1.99992410e-02
  1.94495004e+00  1.99978402e-02  1.48420021e+00  2.00003604e-02
  4.81637853e-01  2.00007372e-02  4.93407325e-01  2.00001129e-02
  3.28979532e-01  1.99996777e-02  8.39992084e-01  2.00009001e-02
  4.60043625e-01  1.99998524e-02  4.90943283e-01  1.99993582e-02
  9.86149105e-01  1.99998940e-02 -1.78824588e-02  2.00004529e-02
  2.65407642e-01  2.00002764e-02]"
