iter,funcval,gradnorm,x
0,3557546.5349733047,62278925.91988447,"[ 1.02153737e+00  1.99983955e-02  1.28707217e-02  2.00013152e-02
  4.29221357e-01  1.99997747e-02  8.00954111e-01  1.99999562e-02
  2.20281546e-01  2.00000725e-02  2.69150997e+00  2.00009704e-02
  8.06456244e-01  2.00005295e-02  2.26864177e+00  1.99991575e-02
  1.43529035e+01 -5.08975600e+06  1.21616998e+01  2.00009194e-02
  2.76676760e-01  2.00002104e-02  2.43461341e-01  1.99995456e-02
  1.16508772e+00  2.00008416e-02  1.77458012e-01  2.00018605e-02
  1.15397632e-01  1.99983114e-02  3.74702468e+00  1.99987397e-02
  8.33499549e-01  1.99990393e-02  1.58832867e-01  2.00001704e-02
  3.86775005e-01  1.99989956e-02  9.23176607e-01  2.00000295e-02
  2.59642348e-01  1.99999459e-02  2.07096414e+00  1.99982011e-02
  1.94495190e+00  2.00006128e-02  1.48420043e+00  2.00000032e-02
  4.81636957e-01  2.00006226e-02  4.93406079e-01  1.99999272e-02
  3.28981036e-01  2.00001563e-02  8.39993198e-01  1.99994411e-02
  4.60045452e-01  2.00001378e-02  4.90941145e-01  2.00012393e-02
  9.86148570e-01  2.00002232e-02 -1.78840533e-02  1.99997260e-02
  2.65409554e-01  2.00002569e-02]"
1,1661863.116181928,2.1821390272165724e-06,"[ 1.02153737e+00  1.99983955e-02  1.28707217e-02  2.00013152e-02
  4.29221357e-01  1.99997747e-02  8.00954111e-01  1.99999562e-02
  2.20281546e-01  2.00000725e-02  2.69150997e+00  2.00009704e-02
  8.06456244e-01  2.00005295e-02  2.26864177e+00  1.99991575e-02
  1.43529035e+01 -5.08975600e+06  1.21616998e+01  2.00009194e-02
  2.76676760e-01  2.00002104e-02  2.43461341e-01  1.99995456e-02
  1.16508772e+00  2.00008416e-02  1.77458012e-01  2.00018605e-02
  1.15397632e-01  1.99983114e-02  3.74702468e+00  1.99987397e-02
  8.33499549e-01  1.99990393e-02  1.58832867e-01  2.00001704e-02
  3.86775005e-01  1.99989956e-02  9.23176607e-01  2.00000295e-02
  2.59642348e-01  1.99999459e-02  2.07096414e+00  1.99982011e-02
  1.94495190e+00  2.00006128e-02  1.48420043e+00  2.00000032e-02
  4.81636957e-01  2.00006226e-02  4.93406079e-01  1.99999272e-02
  3.28981036e-01  2.00001563e-02  8.39993198e-01  1.99994411e-02
  4.60045452e-01  2.00001378e-02  4.90941145e-01  2.00012393e-02
  9.86148570e-01  2.00002232e-02 -1.78840533e-02  1.99997260e-02
  2.65409554e-01  2.00002569e-02]"
