iter,funcval,gradnorm,x
0,3557546.5349733047,62267023.73704829,"[ 1.02154113e+00  1.99998915e-02  1.28714135e-02  2.00004506e-02
  4.29221620e-01  2.00008128e-02  8.00954052e-01  1.99984354e-02
  2.20280241e-01  2.00024024e-02  2.69151188e+00  1.99992752e-02
  8.06456404e-01  2.00000744e-02  2.26864067e+00  1.99999147e-02
  1.43529023e+01 -5.08975600e+06  1.21616998e+01  2.00027418e-02
  2.76675375e-01  2.00010336e-02  2.43458988e-01  2.00012181e-02
  1.16508647e+00  1.99994601e-02  1.77457548e-01  1.99994904e-02
  1.15396496e-01  1.99981766e-02  3.74702360e+00  2.00005025e-02
  8.33501305e-01  2.00013398e-02  1.58835114e-01  2.00001850e-02
  3.86774681e-01  2.00001545e-02  9.23178541e-01  1.99984517e-02
  2.59640224e-01  1.99992423e-02  2.07096337e+00  2.00005797e-02
  1.94495128e+00  2.00020390e-02  1.48419897e+00  1.99998934e-02
  4.81637462e-01  1.99988769e-02  4.93406169e-01  2.00012526e-02
  3.28979797e-01  2.00001501e-02  8.39993940e-01  1.99980858e-02
  4.60044168e-01  2.00024316e-02  4.90942990e-01  2.00005166e-02
  9.86148199e-01  2.00001086e-02 -1.78837398e-02  1.99997695e-02
  2.65406899e-01  2.00008045e-02]"
1,1661737.448258477,6.846100665524055e-06,"[ 1.02154113e+00  1.99998915e-02  1.28714135e-02  2.00004506e-02
  4.29221620e-01  2.00008128e-02  8.00954052e-01  1.99984354e-02
  2.20280241e-01  2.00024024e-02  2.69151188e+00  1.99992752e-02
  8.06456404e-01  2.00000744e-02  2.26864067e+00  1.99999147e-02
  1.43529023e+01 -5.08975600e+06  1.21616998e+01  2.00027418e-02
  2.76675375e-01  2.00010336e-02  2.43458988e-01  2.00012181e-02
  1.16508647e+00  1.99994601e-02  1.77457548e-01  1.99994904e-02
  1.15396496e-01  1.99981766e-02  3.74702360e+00  2.00005025e-02
  8.33501305e-01  2.00013398e-02  1.58835114e-01  2.00001850e-02
  3.86774681e-01  2.00001545e-02  9.23178541e-01  1.99984517e-02
  2.59640224e-01  1.99992423e-02  2.07096337e+00  2.00005797e-02
  1.94495128e+00  2.00020390e-02  1.48419897e+00  1.99998934e-02
  4.81637462e-01  1.99988769e-02  4.93406169e-01  2.00012526e-02
  3.28979797e-01  2.00001501e-02  8.39993940e-01  1.99980858e-02
  4.60044168e-01  2.00024316e-02  4.90942990e-01  2.00005166e-02
  9.86148199e-01  2.00001086e-02 -1.78837398e-02  1.99997695e-02
  2.65406899e-01  2.00008045e-02]"
