iter,funcval,gradnorm,x
0,3557546.5349733047,62283197.46233187,"[ 1.02154191e+00  2.00016558e-02  1.28707012e-02  2.00019684e-02
  4.29220406e-01  2.00011511e-02  8.00953728e-01  2.00006792e-02
  2.20281251e-01  2.00001546e-02  2.69150973e+00  2.00009093e-02
  8.06456381e-01  2.00000643e-02  2.26863914e+00  2.00011240e-02
  1.43529016e+01  5.08975604e+06  1.21616991e+01  2.00002448e-02
  2.76675968e-01  2.00006338e-02  2.43459747e-01  1.99999135e-02
  1.16508580e+00  1.99999551e-02  1.77456726e-01  2.00003345e-02
  1.15396695e-01  2.00021292e-02  3.74702574e+00  1.99998497e-02
  8.33499958e-01  1.99998921e-02  1.58835553e-01  1.99990884e-02
  3.86773237e-01  2.00003897e-02  9.23177120e-01  2.00000431e-02
  2.59641541e-01  2.00000035e-02  2.07096534e+00  2.00009459e-02
  1.94495043e+00  2.00014227e-02  1.48420081e+00  1.99997880e-02
  4.81636470e-01  2.00015549e-02  4.93405327e-01  1.99993391e-02
  3.28981836e-01  2.00013102e-02  8.39993087e-01  1.99998858e-02
  4.60045579e-01  2.00002138e-02  4.90942070e-01  2.00010854e-02
  9.86148780e-01  2.00001999e-02 -1.78821799e-02  2.00011350e-02
  2.65406557e-01  1.99987902e-02]"
