iter,funcval,gradnorm,x
0,74696820.9759111,25183.559702947543,[0. 0. 0. 0. 0. 0. 0. 0. 0. 0. 0. 0. 0. 0. 1.]
