iter,funcval,gradnorm,x
0,150235.782416813,859.7213159546538,"[4.06411650e+00 3.76626447e+05 4.06411563e+00 1.64970816e-01
 2.00009727e-02 1.64971979e-01 1.16029460e+00 1.99983914e-02
 1.16029367e+00 2.67765964e-01 1.99990904e-02 2.67764976e-01
 3.12050140e-01 1.99980733e-02 3.12048903e-01 7.39357720e-02
 1.99978706e-02 7.39346617e-02 2.30241627e-01 1.99996757e-02
 2.30242511e-01 1.36830428e+00 1.99991749e-02 1.36830352e+00
 2.52604370e-01 1.99998546e-02 2.52603215e-01 1.16006107e+00
 1.99995976e-02 1.16006229e+00 4.61415911e-02 2.00000396e-02
 4.61395714e-02 1.24507228e-01 2.00001026e-02 1.24506825e-01
 2.96657444e-01 2.00002434e-02 2.96656823e-01 9.20995129e-02
 1.99992049e-02 9.20993560e-02 1.06809099e-01 1.99995790e-02
 1.06809647e-01 5.37298391e-01 1.99996139e-02 5.37299190e-01
 3.25051290e-03 1.99994723e-02 3.25039320e-03 8.70992625e-02
 1.99992916e-02 8.70991753e-02 1.01168899e-01 2.00001135e-02
 1.01168203e-01 2.55004811e-02 1.99983632e-02 2.54995266e-02
 9.59609761e-02 1.99994734e-02 9.59628537e-02 2.72934492e-01
 2.00004448e-02 2.72934259e-01 3.92392718e-01 1.99978625e-02
 3.92395634e-01 1.29559018e-01 2.00009068e-02 1.29559767e-01
 4.11233116e-02 1.99994135e-02 4.11218843e-02 2.96260827e-01
 1.99999105e-02 2.96257567e-01 8.92372777e-02 1.99991550e-02
 8.92402305e-02 2.77240044e-01 1.99990523e-02 2.77240186e-01
 5.82970087e-02 1.99995614e-02 5.82976856e-02 1.46156874e-01
 2.00029848e-02 1.46159899e-01 1.70824745e-01 1.99995680e-02
 1.70824329e-01 1.38841867e-01 2.00003498e-02 1.38842286e-01
 3.81622288e-01 2.00003373e-02 3.81621800e-01]"
