iter,funcval,gradnorm,x
0,3557546.5349733047,62286124.92814907,"[ 1.02154060e+00  1.99992525e-02  1.28714533e-02  1.99983899e-02
  4.29221473e-01  2.00007168e-02  8.00953967e-01  1.99995970e-02
  2.20279662e-01  2.00007428e-02  2.69151004e+00  1.99998225e-02
  8.06457902e-01  2.00008964e-02  2.26864085e+00  1.99999211e-02
  1.43529020e+01 -5.08975600e+06  1.21616993e+01  1.99998082e-02
  2.76677333e-01  2.00011324e-02  2.43459718e-01  1.99998942e-02
  1.16508570e+00  2.00002904e-02  1.77458282e-01  2.00010351e-02
  1.15394814e-01  2.00000551e-02  3.74702496e+00  1.99990937e-02
  8.33501780e-01  1.99994986e-02  1.58833797e-01  2.00001253e-02
  3.86775355e-01  1.99998025e-02  9.23176093e-01  1.99997059e-02
  2.59641839e-01  1.99991095e-02  2.07096336e+00  1.99980221e-02
  1.94495019e+00  1.99977194e-02  1.48420135e+00  1.99999025e-02
  4.81635716e-01  2.00010910e-02  4.93404399e-01  1.99991080e-02
  3.28980965e-01  1.99998293e-02  8.39992102e-01  2.00001400e-02
  4.60045141e-01  2.00010827e-02  4.90941831e-01  1.99991535e-02
  9.86146019e-01  2.00007454e-02 -1.78826461e-02  1.99989724e-02
  2.65408863e-01  2.00007441e-02]"
