iter,funcval,gradnorm,x
0,3557546.5349733047,62292444.7925338,"[ 1.02153867e+00  1.99996975e-02  1.28709678e-02  1.99981209e-02
  4.29220772e-01  2.00024494e-02  8.00953814e-01  2.00001443e-02
  2.20278344e-01  2.00004236e-02  2.69151084e+00  1.99984195e-02
  8.06459416e-01  1.99972028e-02  2.26864052e+00  2.00004478e-02
  1.43529009e+01 -5.08975600e+06  1.21616990e+01  1.99988140e-02
  2.76674610e-01  1.99996476e-02  2.43460177e-01  1.99996638e-02
  1.16508771e+00  2.00004034e-02  1.77458463e-01  2.00010905e-02
  1.15395132e-01  2.00010208e-02  3.74702384e+00  2.00011689e-02
  8.33500735e-01  2.00015966e-02  1.58833974e-01  2.00015404e-02
  3.86773361e-01  1.99992876e-02  9.23177158e-01  1.99968035e-02
  2.59642501e-01  2.00013292e-02  2.07096312e+00  2.00002002e-02
  1.94495044e+00  1.99990769e-02  1.48419842e+00  2.00008738e-02
  4.81635308e-01  1.99988966e-02  4.93403798e-01  2.00010012e-02
  3.28980270e-01  1.99991553e-02  8.39992587e-01  2.00001541e-02
  4.60045396e-01  2.00004776e-02  4.90941568e-01  2.00010843e-02
  9.86148289e-01  2.00015628e-02 -1.78833104e-02  1.99988410e-02
  2.65407858e-01  1.99979971e-02]"
1,1661981.3410453596,1.0256780405498385e-06,"[ 1.02153867e+00  1.99996975e-02  1.28709678e-02  1.99981209e-02
  4.29220772e-01  2.00024494e-02  8.00953814e-01  2.00001443e-02
  2.20278344e-01  2.00004236e-02  2.69151084e+00  1.99984195e-02
  8.06459416e-01  1.99972028e-02  2.26864052e+00  2.00004478e-02
  1.43529009e+01 -5.08975600e+06  1.21616990e+01  1.99988140e-02
  2.76674610e-01  1.99996476e-02  2.43460177e-01  1.99996638e-02
  1.16508771e+00  2.00004034e-02  1.77458463e-01  2.00010905e-02
  1.15395132e-01  2.00010208e-02  3.74702384e+00  2.00011689e-02
  8.33500735e-01  2.00015966e-02  1.58833974e-01  2.00015404e-02
  3.86773361e-01  1.99992876e-02  9.23177158e-01  1.99968035e-02
  2.59642501e-01  2.00013292e-02  2.07096312e+00  2.00002002e-02
  1.94495044e+00  1.99990769e-02  1.48419842e+00  2.00008738e-02
  4.81635308e-01  1.99988966e-02  4.93403798e-01  2.00010012e-02
  3.28980270e-01  1.99991553e-02  8.39992587e-01  2.00001541e-02
  4.60045396e-01  2.00004776e-02  4.90941568e-01  2.00010843e-02
  9.86148289e-01  2.00015628e-02 -1.78833104e-02  1.99988410e-02
  2.65407858e-01  1.99979971e-02]"
