iter,funcval,gradnorm,x
0,2818.43764509573,250258328.92707884,"[-1.04330136e-06 -3.19430360e-07 -3.95641797e-07  9.68154495e-07
 -5.73055694e-07  1.98621214e-06  1.42825424e-06  7.71902216e-07
 -1.01737491e-08  2.37564756e+03]"
