iter,funcval,gradnorm,x
0,4028942.6233255556,62027956.39261017,"[ 1.02153814e+00  2.00006074e-02  1.88790659e+00  1.28734161e-02
  2.00002635e-02  2.00155383e+00  4.29221116e-01  2.00016836e-02
  2.11869788e+00  8.00955607e-01  1.99981984e-02  2.16240932e+00
  2.20278999e-01  1.99989539e-02  2.21923294e+00  2.69151164e+00
  2.00018312e-02  2.28129948e+00  8.06457963e-01  1.99979645e-02
  2.39057860e+00  2.26863889e+00  1.99997666e-02  2.48848964e+00
  1.43529001e+01  5.29809793e+06  2.55930104e+00  1.21617011e+01
  2.00004929e-02  2.70704368e+00  2.76675284e-01  1.99987886e-02
  2.94045884e+00  2.43459656e-01  2.00002424e-02  2.96668284e+00
  1.16508700e+00  2.00003995e-02  3.12928751e+00  1.77457922e-01
  2.00001384e-02  3.22632385e+00  1.15395870e-01  2.00004826e-02
  3.25517274e+00  3.74702249e+00  2.00005449e-02  3.38018392e+00
  8.33501638e-01  1.99992822e-02  3.66954954e+00  1.58834033e-01
  2.00032612e-02  3.72200343e+00  3.86774609e-01  2.00011753e-02
  3.83127756e+00  9.23176097e-01  2.00009264e-02  3.95891524e+00
  2.59640613e-01  1.99991238e-02  4.05245367e+00  2.07096350e+00
  1.99981564e-02  4.17484309e+00  1.94495127e+00  2.00000362e-02
  4.43098728e+00  1.48420082e+00  1.99999575e-02  4.55949699e+00
  4.81636575e-01  2.00003959e-02  4.60145922e+00  4.93403112e-01
  1.99996691e-02  4.70461608e+00  3.28982125e-01  2.00013005e-02
  4.80078200e+00  8.39995032e-01  1.99985360e-02  4.96862715e+00
  4.60043752e-01  1.99988365e-02  5.39524499e+00  4.90942710e-01
  1.99992386e-02  5.41884631e+00  9.86146845e-01  1.99999870e-02
  2.58640118e+00 -1.78838551e-02  2.00008406e-02  3.86187512e+00
  2.65409134e-01  2.00004973e-02  5.19854556e+00]"
