iter,funcval,gradnorm,x
0,1075850.7508682113,47492.95111805471,[0. 0. 0. 0. 0. 0. 0. 0. 0. 1.]
