iter,funcval,gradnorm,x
0,4028942.6233255556,62030465.586661056,"[ 1.02153850e+00  1.99986882e-02  1.88790459e+00  1.28729811e-02
  1.99994780e-02  2.00155369e+00  4.29218536e-01  1.99996424e-02
  2.11869773e+00  8.00955697e-01  1.99992782e-02  2.16240827e+00
  2.20278686e-01  1.99997282e-02  2.21923579e+00  2.69150842e+00
  1.99993542e-02  2.28130020e+00  8.06456561e-01  2.00021658e-02
  2.39057850e+00  2.26863829e+00  2.00001464e-02  2.48848890e+00
  1.43529002e+01  1.99999283e-02 -5.29809535e+06  1.21617003e+01
  2.00001062e-02  2.70704302e+00  2.76676424e-01  1.99992516e-02
  2.94045790e+00  2.43460821e-01  2.00005484e-02  2.96668534e+00
  1.16508951e+00  1.99990518e-02  3.12928622e+00  1.77456492e-01
  2.00007048e-02  3.22632590e+00  1.15394359e-01  2.00003192e-02
  3.25517247e+00  3.74702407e+00  2.00007414e-02  3.38018746e+00
  8.33500800e-01  2.00002030e-02  3.66954885e+00  1.58833488e-01
  1.99995461e-02  3.72200245e+00  3.86772798e-01  1.99995064e-02
  3.83127725e+00  9.23177922e-01  2.00001655e-02  3.95891314e+00
  2.59642184e-01  1.99994968e-02  4.05245429e+00  2.07096334e+00
  1.99994099e-02  4.17484371e+00  1.94495048e+00  2.00001778e-02
  4.43098789e+00  1.48419999e+00  2.00018028e-02  4.55949790e+00
  4.81635105e-01  1.99983383e-02  4.60146076e+00  4.93405263e-01
  1.99997116e-02  4.70461718e+00  3.28979858e-01  2.00017364e-02
  4.80077856e+00  8.39993653e-01  2.00002648e-02  4.96862814e+00
  4.60045039e-01  2.00012613e-02  5.39524083e+00  4.90942348e-01
  1.99997646e-02  5.41884855e+00  9.86148950e-01  1.99993690e-02
  2.58640133e+00 -1.78829759e-02  2.00009415e-02  3.86187736e+00
  2.65406499e-01  1.99990899e-02  5.19854657e+00]"
