iter,funcval,gradnorm,x
0,4028942.6233255556,62028744.422019586,"[ 1.02153920e+00  2.00013391e-02  1.88790663e+00  1.28706014e-02
  2.00002905e-02  2.00155575e+00  4.29220035e-01  1.99993087e-02
  2.11869780e+00  8.00955830e-01  1.99995371e-02  2.16240945e+00
  2.20278358e-01  1.99990147e-02  2.21923446e+00  2.69151103e+00
  1.99991354e-02  2.28130244e+00  8.06457241e-01  2.00004738e-02
  2.39057770e+00  2.26863790e+00  1.99997529e-02  2.48849241e+00
  1.43529006e+01  2.00011650e-02  5.29810047e+06  1.21617003e+01
  2.00003829e-02  2.70704350e+00  2.76677067e-01  1.99975251e-02
  2.94045822e+00  2.43461008e-01  2.00002861e-02  2.96668383e+00
  1.16508512e+00  1.99993706e-02  3.12928765e+00  1.77458711e-01
  2.00004001e-02  3.22632263e+00  1.15395302e-01  2.00010736e-02
  3.25517308e+00  3.74702406e+00  1.99993573e-02  3.38018717e+00
  8.33501097e-01  2.00020098e-02  3.66954997e+00  1.58834533e-01
  2.00007629e-02  3.72200246e+00  3.86773957e-01  2.00002720e-02
  3.83127795e+00  9.23176200e-01  1.99983504e-02  3.95891495e+00
  2.59640116e-01  2.00006406e-02  4.05245316e+00  2.07096374e+00
  1.99997508e-02  4.17484305e+00  1.94495103e+00  1.99992806e-02
  4.43098749e+00  1.48419939e+00  2.00009942e-02  4.55949744e+00
  4.81636857e-01  2.00012297e-02  4.60146010e+00  4.93406041e-01
  1.99991838e-02  4.70461689e+00  3.28980743e-01  1.99998740e-02
  4.80077872e+00  8.39992857e-01  2.00024048e-02  4.96862693e+00
  4.60044574e-01  2.00015560e-02  5.39524209e+00  4.90942301e-01
  1.99999616e-02  5.41884684e+00  9.86149638e-01  2.00003754e-02
  2.58640321e+00 -1.78827981e-02  2.00005828e-02  3.86187490e+00
  2.65408091e-01  1.99993736e-02  5.19854632e+00]"
