iter,funcval,gradnorm,x
0,15459.716636291674,29517.177603904183,"[-0.8  1.2 -1.2  0.8 -0.8  1.2 -1.2  0.8 -0.8  1.2 -1.2  0.8 -0.8  1.2
 -1.2  0.8 -0.8  1.2 -1.2  0.8 -0.8  1.2 -1.2  0.8 -0.8  1.2 -1.2  0.8
 -0.8  1.2 -1.2  0.8 -0.8  1.2 -1.2  0.8 -0.8  1.2 -1.2  0.8 -0.8  1.2
 -1.2  0.8 -0.8  1.2 -1.2  0.8 -0.8  1.2 -1.2  0.8 -0.8  1.2 -1.2  0.8
 -0.8  1.2 -1.2  0.8 -0.8  1.2 -1.2  0.8 -0.8  1.2 -1.2  0.8 -0.8  1.2
 -1.2  0.8 -0.8  1.2 -1.2  0.8 -0.8  1.2 -1.2  0.8 -0.8  1.2 -1.2  0.8
 -0.8  1.2 -1.2  0.8 -0.8  1.2 -1.2  0.8 -0.8  1.2 -1.2  0.8 -0.8  1.2
 -1.2  0.8]"
