iter,funcval,gradnorm,x
0,570084.4494641543,25183.559702947543,[0. 0. 0. 0. 0. 0. 0. 0. 0. 0. 0. 0. 0. 0. 1.]
