iter,funcval,gradnorm,x
0,3557546.5349733047,62296200.26337665,"[ 1.02154071e+00  2.00010248e-02  1.28720788e-02  2.00010353e-02
  4.29220825e-01  2.00006614e-02  8.00955985e-01  1.99989254e-02
  2.20280980e-01  2.00000376e-02  2.69151136e+00  2.00014540e-02
  8.06458027e-01  2.00006493e-02  2.26863921e+00  1.99991479e-02
  1.43529028e+01 -5.08975600e+06  1.21616998e+01  1.99982322e-02
  2.76676079e-01  2.00009010e-02  2.43460033e-01  1.99974102e-02
  1.16508724e+00  1.99997185e-02  1.77456561e-01  1.99993650e-02
  1.15395248e-01  2.00003581e-02  3.74702623e+00  2.00007681e-02
  8.33500027e-01  1.99992579e-02  1.58834386e-01  1.99999959e-02
  3.86774236e-01  2.00002116e-02  9.23176109e-01  1.99978156e-02
  2.59642032e-01  2.00011099e-02  2.07096421e+00  2.00015118e-02
  1.94494841e+00  2.00015321e-02  1.48419869e+00  2.00005749e-02
  4.81637144e-01  1.99998629e-02  4.93403622e-01  2.00002113e-02
  3.28979825e-01  1.99997385e-02  8.39992723e-01  2.00006945e-02
  4.60046943e-01  1.99996862e-02  4.90942776e-01  2.00006660e-02
  9.86148545e-01  2.00014078e-02 -1.78835032e-02  1.99984689e-02
  2.65407070e-01  1.99993800e-02]"
