iter,funcval,gradnorm,x
0,1687370.148927746,385763.7327117955,"[-8.00000851e-01  1.20000069e+00 -1.20000147e+00  8.00000329e-01
 -8.00000886e-01  1.19999763e+00 -1.19999899e+00  7.99999575e-01
 -7.99999477e-01  1.19999852e+00 -1.20000033e+00  7.99998318e-01
 -8.00000902e-01  1.19999957e+00 -1.20000072e+00  7.99999740e-01
 -8.00000581e-01 -1.96484194e+04 -1.19999952e+00  7.99999946e-01
 -7.99999309e-01  1.20000002e+00 -1.20000074e+00  8.00000059e-01
 -8.00000977e-01  1.20000162e+00 -1.20000205e+00  8.00000378e-01
 -8.00000137e-01  1.19999799e+00 -1.19999883e+00  7.99999726e-01
 -7.99997780e-01  1.19999973e+00 -1.20000031e+00  7.99999443e-01
 -8.00001449e-01  1.20000023e+00 -1.20000093e+00  8.00000836e-01
 -7.99999302e-01  1.19999828e+00 -1.20000052e+00  8.00000330e-01
 -8.00000507e-01  1.20000198e+00 -1.20000143e+00  7.99998662e-01
 -7.99999698e-01  1.19999985e+00 -1.19999912e+00  8.00000669e-01
 -8.00001128e-01  1.19999945e+00 -1.20000004e+00  7.99999882e-01
 -7.99999016e-01  1.19999905e+00 -1.19999978e+00  7.99998865e-01
 -7.99998310e-01  1.20000012e+00 -1.20000012e+00  7.99999971e-01
 -8.00000619e-01  1.19999979e+00 -1.20000162e+00  8.00000303e-01
 -7.99999174e-01  1.19999914e+00 -1.19999867e+00  7.99998270e-01
 -8.00000250e-01  1.20000122e+00 -1.20000124e+00  7.99998552e-01
 -8.00000062e-01  1.19999831e+00 -1.20000009e+00  8.00001925e-01
 -8.00001015e-01  1.19999860e+00 -1.20000084e+00  8.00000215e-01
 -7.99999779e-01  1.19999939e+00 -1.20000032e+00  7.99999970e-01
 -7.99998816e-01  1.20000078e+00 -1.19999947e+00  7.99998382e-01
 -8.00000656e-01  1.20000172e+00 -1.19999890e+00  7.99999662e-01
 -8.00000263e-01  1.19999815e+00 -1.19999936e+00  8.00001988e-01]"
