iter,funcval,gradnorm,x
0,491557.9570002405,8409390.688488094,"[ 6.87673202e-01  1.99990805e-02  6.65174406e-01  1.99991246e-02
  6.18468230e-01  2.00003329e-02  1.32596443e+00  2.00006227e-02
  3.13947214e-03  1.99985053e-02  1.25144863e+00  1.99996237e-02
  2.28084730e-01  2.00002356e-02  1.22927784e+00  2.00010413e-02
  4.59308775e+00 -5.78695024e+05  4.45428527e+00  2.00001582e-02
  8.16246362e-02  1.99987707e-02  2.44886788e-01  2.00005498e-02
  7.16559494e-01  2.00017233e-02  2.05402782e-01  1.99994544e-02
 -6.41759758e-02  1.99985027e-02  1.40125335e+00  1.99980779e-02
  2.42298133e-01  1.99994452e-02  6.23981105e-02  1.99982599e-02
  2.23923250e-02  1.99982358e-02  4.24691932e-01  2.00010876e-02
  2.66383638e-01  2.00003989e-02  8.36310238e-01  2.00006995e-02
  1.02841715e+00  2.00005824e-02  7.98617832e-01  1.99997012e-02
  2.45653543e-01  1.99994134e-02  5.04460135e-01  1.99992701e-02
  2.74241093e-01  1.99996242e-02  3.85039725e-01  1.99996560e-02
  1.66878644e-01  1.99999287e-02  2.96108227e-01  1.99986154e-02
  1.85552348e-01  2.00014766e-02  6.15432642e-03  2.00023062e-02
  1.61872549e-01  2.00005497e-02]"
1,292073.436849307,0.003762246310363322,"[ 6.87673202e-01  1.99990805e-02  6.65174406e-01  1.99991246e-02
  6.18468230e-01  2.00003329e-02  1.32596443e+00  2.00006227e-02
  3.13947214e-03  1.99985053e-02  1.25144863e+00  1.99996237e-02
  2.28084730e-01  2.00002356e-02  1.22927784e+00  2.00010413e-02
  4.59308775e+00 -5.78695024e+05  4.45428527e+00  2.00001582e-02
  8.16246362e-02  1.99987707e-02  2.44886788e-01  2.00005498e-02
  7.16559494e-01  2.00017233e-02  2.05402782e-01  1.99994544e-02
 -6.41759758e-02  1.99985027e-02  1.40125335e+00  1.99980779e-02
  2.42298133e-01  1.99994452e-02  6.23981105e-02  1.99982599e-02
  2.23923250e-02  1.99982358e-02  4.24691932e-01  2.00010876e-02
  2.66383638e-01  2.00003989e-02  8.36310238e-01  2.00006995e-02
  1.02841715e+00  2.00005824e-02  7.98617832e-01  1.99997012e-02
  2.45653543e-01  1.99994134e-02  5.04460135e-01  1.99992701e-02
  2.74241093e-01  1.99996242e-02  3.85039725e-01  1.99996560e-02
  1.66878644e-01  1.99999287e-02  2.96108227e-01  1.99986154e-02
  1.85552348e-01  2.00014766e-02  6.15432642e-03  2.00023062e-02
  1.61872549e-01  2.00005497e-02]"
