iter,funcval,gradnorm,x
0,263050.21121036407,1537417.1604795333,"[ 4.13654849e+00 -3.76877238e+05  1.77128091e-01  1.99990708e-02
  1.65639904e+00  1.99988608e-02  1.19126597e+00  1.99997072e-02
  2.95401072e-01  1.99997673e-02  3.30448812e-01  2.00004625e-02
  8.16894575e-02  1.99998357e-02  2.53669159e-01  2.00012060e-02
  1.39794989e+00  1.99998580e-02  1.17261877e+00  1.99979340e-02
  9.02014301e-02  1.99999607e-02  1.29248601e-01  1.99987596e-02
  3.03915193e-01  1.99988638e-02  1.04814867e-01  1.99996471e-02
  1.17991440e-01  1.99998433e-02  5.44968992e-01  1.99980874e-02
  7.78503233e-03  1.99989243e-02  8.90553897e-02  2.00006148e-02
  1.10168604e-01  1.99993681e-02  3.98882549e-02  1.99996069e-02
  9.83494310e-02  2.00020595e-02  2.84567130e-01  2.00008008e-02
  4.21798136e-01  1.99993920e-02  1.62240708e-01  2.00018078e-02
  7.19678206e-02  1.99971342e-02  3.14143647e-01  1.99985980e-02
  1.40237727e-01  2.00000248e-02  2.86398498e-01  1.99997155e-02
  6.28700963e-02  2.00005730e-02  1.52133910e-01  2.00003754e-02
  1.92599389e-01  2.00020449e-02  1.51423943e-01  1.99999937e-02
  3.90701863e-01  1.99991316e-02]"
