iter,funcval,gradnorm,x
0,150235.782416813,859.7164497273807,"[4.06411607e+00 3.76626447e+05 4.06411587e+00 1.64972112e-01
 1.99978809e-02 1.64972531e-01 1.16029495e+00 1.99993597e-02
 1.16029321e+00 2.67765856e-01 2.00002740e-02 2.67765140e-01
 3.12047903e-01 1.99996502e-02 3.12051207e-01 7.39332155e-02
 2.00020768e-02 7.39356573e-02 2.30239754e-01 1.99995846e-02
 2.30239358e-01 1.36830499e+00 2.00004873e-02 1.36830497e+00
 2.52604163e-01 1.99992095e-02 2.52605238e-01 1.16006207e+00
 2.00029732e-02 1.16006125e+00 4.61410758e-02 1.99992585e-02
 4.61417727e-02 1.24506587e-01 1.99992083e-02 1.24506926e-01
 2.96657091e-01 1.99992047e-02 2.96658810e-01 9.20998986e-02
 2.00005538e-02 9.21000014e-02 1.06809870e-01 2.00004330e-02
 1.06807275e-01 5.37298167e-01 1.99992128e-02 5.37298967e-01
 3.25194033e-03 1.99992325e-02 3.25234843e-03 8.71002161e-02
 1.99997371e-02 8.70998020e-02 1.01167904e-01 1.99999816e-02
 1.01168559e-01 2.55029596e-02 2.00017190e-02 2.55021476e-02
 9.59613780e-02 1.99999029e-02 9.59602501e-02 2.72932930e-01
 2.00014160e-02 2.72933997e-01 3.92395224e-01 2.00026988e-02
 3.92393816e-01 1.29557156e-01 1.99998861e-02 1.29558648e-01
 4.11240870e-02 1.99991270e-02 4.11234942e-02 2.96258515e-01
 2.00006515e-02 2.96259014e-01 8.92368850e-02 2.00002649e-02
 8.92374010e-02 2.77241780e-01 2.00020560e-02 2.77241398e-01
 5.82975458e-02 1.99997573e-02 5.82975864e-02 1.46158143e-01
 1.99994905e-02 1.46158431e-01 1.70828219e-01 1.99995948e-02
 1.70824833e-01 1.38842460e-01 2.00006327e-02 1.38840948e-01
 3.81621166e-01 2.00012126e-02 3.81618827e-01]"
